country_name;region_name;city_name;coordinate_longitude;coordinate_latitude;customer_name;machine_num;sale_date
Азербайджан;Бакинская область;г. Баку;40.36801707442794;49.877046999999955;ОАО «Девели»;47720;10.10.2007
Азербайджан;Гарадагский район;п. Карадаг;40.24124629606863;49.59547449999992;ЧП Кахраманов Физули;47513;16.01.2006
Азербайджан;Гарадагский район;п. Карадаг;40.24124629606863;49.59547449999992;ЧП Кахраманов Физули;47514;16.01.2006
Азербайджан;Бакинская область;г. Баку;40.36801707442794;49.877046999999955;Фирма «Механик»;47410;19.07.2004
Азербайджан;Бакинская область;г. Баку;40.36801707442794;49.877046999999955;Фирма «Механик»;47421;15.12.2004
Азербайджан;Гарадагский район;п. Карадаг;40.24124629606863;49.59547449999992;ЧП Мурадов Салиман Аскер оглы;47511;21.12.2005
Азербайджан;Гарадагский район;п. Карадаг;40.24124629606863;49.59547449999992;ЧП Мурадов Салиман Аскер оглы;47512;21.12.2005
Азербайджан;Гарадагский район;п. Карадаг;40.24124629606863;49.59547449999992;ЧП Мурадов Салиман Аскер оглы;47601;28.03.2006
Азербайджан;Гарадагский район;п. Карадаг;40.24124629606863;49.59547449999992;ЧП Мурадов Салиман Аскер оглы;47603;05.06.2006
Азербайджан;Гарадагский район;п. Карадаг;40.24124629606863;49.59547449999992;ЧП Мурадов Салиман Аскер оглы;47604;05.06.2006
Азербайджан;Гарадагский район;п. Карадаг;40.24124629606863;49.59547449999992;ЧП Мурадов Салиман Аскер оглы;47605;24.03.2006
Армения;Нагорный Карабах;г. Степанакерт;39.82124802396919;46.74803549999995;ЗАО «Бейз Метлс» = ЗАО «Стоун Парк»;472002;03.08.2020
Армения;Нагорный Карабах;г. Степанакерт;39.82124802396919;46.74803549999995;«Фонд будущих поколений»;471901;18.03.2019
Армения;Нагорный Карабах;г. Степанакерт;39.82124802396919;46.74803549999995;«Фонд будущих поколений»;472001;03.08.2020
Йемен;порт Мукалла ;г. Эль-Мукалла;14.524762775351155 ;49.149072220659775;Kuhail Service Centre;47817;17.03.2011
Йемен;порт Мукалла ;г. Эль-Мукалла;14.524762775351155 ;49.149072220659775;Kuhail Service Centre;47818;17.03.2011
Казахстан;Мангистауская область;г. Актау;43.73342378009298;51.18659299999996;ТОО «KICOM-Сервис»;472101;27.05.2021
Казахстан;Мангистауская область;г. Актау;43.73342378009298;51.18659299999996;ТОО «KICOM-Сервис»;472102;27.05.2021
Казахстан;Мангистауская область;г. Актау;43.73342378009298;51.18659299999996;ТОО «KICOM-Сервис»;472103;27.05.2021
Казахстан;Алматинская область;г. Алматы;43.21860608166639;76.95382849999996;«TAU-ASAR LTD» ;47815;14.06.2011
Казахстан;Алматинская область;г. Алматы;43.21860608166639;76.95382849999996;«TAU-ASAR LTD» ;47816;14.06.2011
Казахстан;Алматинская область;г. Алматы;43.21860608166639;76.95382849999996;«TAU-ASAR LTD» ;481508;26.07.2017
Казахстан;Мангистауской области;п. Жетыбай;43.589289307543595;52.093990499999954;ИП Абдоллаев С.Б.;471529;04.07.2016
Казахстан;Мангистауская область;г. Актау;43.73342378009298;51.18659299999996;ТОО «Айби-Тас»;47501;19.05.2005
Казахстан;Мангистауская область;г. Актау;43.73342378009298;51.18659299999996;ТОО «Айби-Тас»;47502;19.05.2005
Казахстан;Мангистауская область;г. Актау;43.73342378009298;51.18659299999996;ТОО «Айби-Тас»;47503;19.05.2005
Казахстан;Мангистауская область;г. Актау;43.73342378009298;51.18659299999996;ТОО «Акниет LTD» (ИП Джумагулов Д.Н.);471316;24.10.2013
Казахстан;Мангистауская область;г. Актау;43.73342378009298;51.18659299999996;ТОО «Акниет LTD» (ИП Джумагулов Д.Н.);472107;05.08.2021
Казахстан;Мангистауская область;г. Актау;43.73342378009298;51.18659299999996;ТОО «Актау Инвест БК»;47751;21.02.2008
Казахстан;Мангистауская область;г. Актау;43.73342378009298;51.18659299999996;ТОО «Актау Инвест БК»;47750;21.02.2008
Казахстан;Мангистауская область;г. Актау;43.73342378009298;51.18659299999996;ТОО «Актау Инвест БК»;472104;05.08.2021
Казахстан;Мангистауская область;г. Актау;43.73342378009298;51.18659299999996;фирма «Актау-Тас»;47401;26.05.2004
Казахстан;Мангистауская область;г. Актау;43.73342378009298;51.18659299999996;фирма «Актау-Тас»;47402;26.05.2004
Казахстан;Мангистауская область;г. Актау;43.73342378009298;51.18659299999996;фирма «Актау-Тас»;47403;26.05.2004
Казахстан;Мангистауская область;г. Актау;43.73342378009298;51.18659299999996;фирма «Актау-Тас»;47404;26.05.2004
Казахстан;Мангистауской области;п. Жетыбай;43.589289307543595;52.093990499999954;ТОО «Арктур KZ»;492304;05.02.2024
Казахстан;Мангистауской области;п. Жетыбай;43.589289307543595;52.093990499999954;ТОО «Арктур KZ»;492305;05.02.2024
Казахстан;Мангистауской области;п. Жетыбай;43.589289307543595;52.093990499999954;ТОО «Арктур KZ»;492306;05.02.2024
Казахстан;Мангистауской области;п. Жетыбай;43.589289307543595;52.093990499999954;ТОО «Арктур KZ»;482301;29.05.2023
Казахстан;Мангистауской области;п. Жетыбай;43.589289307543595;52.093990499999954;ТОО «Арктур KZ»;482302;29.05.2023
Казахстан;Мангистауская область;г. Актау;43.73342378009298;51.18659299999996;ТОО «Ас Курылыс» (ТОО «Бай Бег»);47614;26.04.2012
Казахстан;Мангистауская область;г. Актау;43.73342378009298;51.18659299999996;ТОО «Ас Курылыс» (ТОО «Бай Бег»);47754;10.05.2011
Казахстан;Мангистауская область;г. Актау;43.73342378009298;51.18659299999996;ТОО «Асар-Ой» = ТОО ЭФМ «Багдар»;47718;13.07.2007
Казахстан;Мангистауская область;г. Актау;43.73342378009298;51.18659299999996;ТОО «Асар-Ой» = ТОО ЭФМ «Багдар»;47719;13.07.2007
Казахстан;Мангистауская область;г. Актау;43.73342378009298;51.18659299999996;ТОО «Асар-Ой» = ТОО ЭФМ «Багдар»;47747;23.04.2008
Казахстан;Мангистауская область;г. Актау;43.73342378009298;51.18659299999996;ТОО «Асар-Ой» = ТОО ЭФМ «Багдар»;47748;23.04.2008
Казахстан;Мангистауская область;г. Актау;43.73342378009298;51.18659299999996;ТОО «Асар-Ой» = ТОО ЭФМ «Багдар»;471501;06.04.2015
Казахстан;Мангистауская область;г. Актау;43.73342378009298;51.18659299999996;ТОО «Асар-Ой» = ТОО ЭФМ «Багдар»;471502;06.04.2015
Казахстан;Мангистауская область;г. Актау;43.73342378009298;51.18659299999996;ТОО «Асар-Ой» = ТОО ЭФМ «Багдар»;471503;06.04.2015
Казахстан;Мангистауская область;г. Актау;43.73342378009298;51.18659299999996;ТОО «Асар-Ой» = ТОО ЭФМ «Багдар»;471512;18.05.2015
Казахстан;Мангистауская область;г. Актау;43.73342378009298;51.18659299999996;ТОО «Асар-Ой» = ТОО ЭФМ «Багдар»;471513;18.05.2015
Казахстан;Мангистауская область;г. Актау;43.73342378009298;51.18659299999996;ТОО «Асар-Ой» = ТОО ЭФМ «Багдар»;47625;03.08.2006
Казахстан;Акмолинская область;г. Астана;51.116258413817505;71.50454449999992;ТОО «Астана Центр Сервик»;47311;23.03.2005
Казахстан;Алматинская область;г. Алматы;43.21860608166639;76.95382849999996;ТОО «Асыл-Тас и Co»;47508;02.08.2005
Казахстан;Атырауская область;г. Атырау;47.12861991349445;51.932679999999934;ТОО «Фирма АТК»;47310;16.02.2004
Казахстан;Мангистауская область;п. Жетыбай;43.589289307543595;52.093990499999954;ТОО «Аян-Актау» (Халал Продуктс);47515;28.03.2006
Казахстан;Мангистауская область;п. Жетыбай;43.589289307543595;52.093990499999954;ТОО «Аян-Актау» (Халал Продуктс);47518;28.03.2006
Казахстан;Мангистауская область;п. Жетыбай;43.589289307543595;52.093990499999954;ТОО «Аян-Актау» (Халал Продуктс);471410;10.02.2015
Казахстан;Мангистауская область;г. Актау;43.73342378009298;51.18659299999996;ТОО «БАЛ-ЖАН LTD»;47721;06.06.2007
Казахстан;Мангистауская область;г. Актау;43.73342378009298;51.18659299999996;ТОО «БАЛ-ЖАН LTD»;47722;06.06.2007
Казахстан;Мангистауская область;г. Жанаозен;43.345694771565796;52.85235699999995;ИП Батирбаев Абат Конгратбаевич ;481506 (экс-481509);25.05.2021
Казахстан;Мангистауская область;г. Жанаозен;43.345694771565796;52.85235699999995;Бисебай (купил карьер у Нурмагамбетова Мусы);47739;17.12.2007
Казахстан;Мангистауская область;г. Бейнеу;45.29099472467133;55.17875599999999;ЧП Битимов Марат ;47506;26.07.2005
Казахстан;Мангистауская область;г. Бейнеу;45.29099472467133;55.17875599999999;ЧП Битимов Марат ;47507;26.07.2005
Казахстан;Мангистауская область;г. Актау;43.73342378009298;51.18659299999996;ИП Буркитова Гульмира Туйебаевна;47734;04.10.2007
Казахстан;Мангистауская область;г. Актау;43.73342378009298;51.18659299999996;ИП Буркитова Гульмира Туйебаевна;47731;04.10.2007
Казахстан;Мангистауская область;г. Актау;43.73342378009298;51.18659299999996;ИП Джакаев А.Б.;47634;22.02.2007
Казахстан;Мангистауская область;г. Актау;43.73342378009298;51.18659299999996;ИП Джакаев А.Б.;47633;22.02.2007
Казахстан;Мангистауская область;г. Актау;43.73342378009298;51.18659299999996;ТОО «Джомолунгма»;47737;24.10.2007
Казахстан;Мангистауская область;г. Актау;43.73342378009298;51.18659299999996;ТОО «Джомолунгма»;47738;24.10.2007
Казахстан;Мангистауская область;г. Актау;43.73342378009298;51.18659299999996;ТОО «Достар Company LTD» (ТОО «Алатау-строй», «Достар Трейд»);47411;01.06.2005
Казахстан;Мангистауская область;г. Актау;43.73342378009298;51.18659299999996;ТОО «Достар Company LTD» (ТОО «Алатау-строй», «Достар Трейд»);47413;01.06.2005
Казахстан;Мангистауская область;г. Актау;43.73342378009298;51.18659299999996;ТОО «Достар Company LTD» (ТОО «Алатау-строй», «Достар Трейд»);471315;03.12.2013
Казахстан;Мангистауская область;г. Актау;43.73342378009298;51.18659299999996;ТОО «Достар Company LTD» (ТОО «Алатау-строй», «Достар Трейд»);471514;12.05.2015
Казахстан;Мангистауская область;г. Актау;43.73342378009298;51.18659299999996;ТОО «Достар Company LTD» (ТОО «Алатау-строй», «Достар Трейд»);471515;12.05.2015
Казахстан;Мангистауской области;п. Жетыбай;43.589289307543595;52.093990499999954;ИП Есполай С.С. ;47812;31.10.2011
Казахстан;Мангистауской области;п. Жетыбай;43.589289307543595;52.093990499999954;ИП Есполай С.С. ;471109;20.03.2013
Казахстан;Мангистауской области;п. Жетыбай;43.589289307543595;52.093990499999954;ИП Есполай С.С. ;472105;05.08.2021
Казахстан;Мангистауской области;п. Жетыбай;43.589289307543595;52.093990499999954;ИП Есполай С.С. ;472106;05.08.2021
Казахстан;Мангистауской области;п. Жетыбай;43.589289307543595;52.093990499999954;ТОО «Жетыбай-Достык»  (ИП Ракушечник);47301;12.09.2003
Казахстан;Мангистауской области;п. Жетыбай;43.589289307543595;52.093990499999954;ТОО «Жетыбай-Достык»  (ИП Ракушечник);47306;18.12.2003
Казахстан;Мангистауской области;п. Жетыбай;43.589289307543595;52.093990499999954;ТОО «Жетыбай-Достык»  (ИП Ракушечник);47414;06.10.2004
Казахстан;Мангистауской области;п. Жетыбай;43.589289307543595;52.093990499999954;ТОО «Жетыбай-Достык»  (ИП Ракушечник);47415;06.10.2004
Казахстан;Мангистауской области;п. Жетыбай;43.589289307543595;52.093990499999954;ТОО «Жетыбай-Достык»  (ИП Ракушечник);47412;23.12.2004
Казахстан;Мангистауской области;п. Жетыбай;43.589289307543595;52.093990499999954;ТОО «Жетыбай-Достык»  (ИП Ракушечник);47516;09.11.2005
Казахстан;Мангистауской области;п. Жетыбай;43.589289307543595;52.093990499999954;ТОО «Жетыбай-Достык»  (ИП Ракушечник);47517;09.11.2005
Казахстан;Мангистауской области;п. Жетыбай;43.589289307543595;52.093990499999954;ТОО «Жетыбай-Достык»  (ИП Ракушечник);47631;17.11.2006
Казахстан;Мангистауской области;п. Жетыбай;43.589289307543595;52.093990499999954;ТОО «Жетыбай-Достык»  (ИП Ракушечник);47632;17.11.2006
Казахстан;Мангистауской области;п. Жетыбай;43.589289307543595;52.093990499999954;ТОО «Жетыбай-Достык»  (ИП Ракушечник);47701;14.02.2007
Казахстан;Мангистауской области;п. Жетыбай;43.589289307543595;52.093990499999954;ТОО «Жетыбай-Достык»  (ИП Ракушечник);47702;14.02.2007
Казахстан;Мангистауской области;п. Жетыбай;43.589289307543595;52.093990499999954;ТОО «Жетыбай-Достык»  (ИП Ракушечник);47716;25.06.2007
Казахстан;Мангистауской области;п. Жетыбай;43.589289307543595;52.093990499999954;ТОО «Жетыбай-Достык»  (ИП Ракушечник);47717;25.06.2007
Казахстан;Мангистауской области;п. Жетыбай;43.589289307543595;52.093990499999954;ТОО «Жетыбай-Достык»  (ИП Ракушечник);47736;24.09.2007
Казахстан;Мангистауской области;п. Жетыбай;43.589289307543595;52.093990499999954;ТОО «Жетыбай-Достык»  (ИП Ракушечник);47801;28.02.2008
Казахстан;Мангистауской области;п. Жетыбай;43.589289307543595;52.093990499999954;ТОО «Жетыбай-Достык»  (ИП Ракушечник);47802;28.02.2008
Казахстан;Мангистауской области;п. Жетыбай;43.589289307543595;52.093990499999954;ТОО «Жетыбай-Достык»  (ИП Ракушечник);47819;15.02.2010
Казахстан;Мангистауской области;п. Жетыбай;43.589289307543595;52.093990499999954;ТОО «Жетыбай-Достык»  (ИП Ракушечник);47826;10.12.2008
Казахстан;Мангистауской области;п. Жетыбай;43.589289307543595;52.093990499999954;ТОО «Жетыбай-Достык»  (ИП Ракушечник);471509;27.04.2015
Казахстан;Мангистауской области;п. Жетыбай;43.589289307543595;52.093990499999954;ТОО «Жетыбай-Достык»  (ИП Ракушечник);471510;27.04.2015
Казахстан;Мангистауской области;п. Жетыбай;43.589289307543595;52.093990499999954;ТОО «Жетыбай-Достык»  (ИП Ракушечник);471525;19.11.2015
Казахстан;Мангистауской области;п. Жетыбай;43.589289307543595;52.093990499999954;ТОО «Жетыбай-Достык»  (ИП Ракушечник);471603;01.06.2016
Казахстан;Мангистауской области;п. Жетыбай;43.589289307543595;52.093990499999954;ТОО «Жетыбай-Достык»  (ИП Ракушечник);471705;22.01.2018
Казахстан;Мангистауской области;п. Жетыбай;43.589289307543595;52.093990499999954;ТОО «Жетыбай-Достык»  (ИП Ракушечник);47735;24.09.2007
Казахстан;Мангистауской области;п. Жетыбай;43.589289307543595;52.093990499999954;ТОО «Жетыбай-Достык»  (ИП Ракушечник);47611;17.05.2006
Казахстан;Мангистауской области;п. Жетыбай;43.589289307543595;52.093990499999954;ТОО «Жетыбай-Достык»  (ИП Ракушечник);47612;17.05.2006
Казахстан;Мангистауской области;п. Жетыбай;43.589289307543595;52.093990499999954;ТОО «Жетыбай-Достык»  (ИП Ракушечник);47613;17.05.2006
Казахстан;Мангистауская область;г. Актау;43.73342378009298;51.18659299999996;ТОО «Жолболды и К»;47749;10.05.2011
Казахстан;Мангистауская область;г. Актау;43.73342378009298;51.18659299999996;ТОО «Жолболды и К»;47813;29.10.2012
Казахстан;Мангистауская область;г. Актау;43.73342378009298;51.18659299999996;ТОО «Жолболды и К»;47808;10.05.2011
Казахстан;Мангистауская область;г. Актау;43.73342378009298;51.18659299999996;ТОО «Интерьер Строй Актау»;482102;25.02.2022
Казахстан;Мангистауская область;с. Мангыстау;43.70154975456951;51.29251349999999;Искендеров Куат Болатбаевич ;472110;15.11.2021
Казахстан;Мангистауская область;п. Тенге;43.31351862320584;52.85098699999998;Кадырбаева Бакыт Турбердиевна ;47729;13.08.2007
Казахстан;Мангистауская область;п. Тенге;43.31351862320584;52.85098699999998;Кадырбаева Бакыт Турбердиевна ;471106;16.07.2014
Казахстан;Мангистауская область;п. Тенге;43.31351862320584;52.85098699999998;Кадырбаева Бакыт Турбердиевна ;471107;16.07.2014
Казахстан;Мангистауская область;п. Тенге;43.31351862320584;52.85098699999998;Кадырбаева Бакыт Турбердиевна ;471108;16.07.2014
Казахстан;Мангистауская область;г. Актау;43.73342378009298;51.18659299999996;ТОО «Казкамстой»;47305;11.02.2004
Казахстан;Мангистауская область;г. Жанаозен;43.345694771565796;52.85235699999995;ТОО «КазТас LTD» ;47626;28.11.2006
Казахстан;Мангистауская область;г. Жанаозен;43.345694771565796;52.85235699999995;ТОО «КазТас LTD» ;47627;28.11.2006
Казахстан;Мангистауская область;г. Актау;43.73342378009298;51.18659299999996;Фирма «Кайсар-Сервис» ;47302;18.12.2003
Казахстан;Алматинская область;г. Алматы;43.21860608166639;76.95382849999996;ТОО «СП «Карбрик-Казахстан» = ТОО Группа компаний «Темир-Кон» = ОА АК «Улутас»=ИП Джайлыханов  К.А.;47606;24.04.2006
Казахстан;Алматинская область;г. Алматы;43.21860608166639;76.95382849999996;ТОО «СП «Карбрик-Казахстан» = ТОО Группа компаний «Темир-Кон» = ОА АК «Улутас»=ИП Джайлыханов  К.А.;47607;24.04.2006
Казахстан;Алматинская область;г. Алматы;43.21860608166639;76.95382849999996;ТОО «СП «Карбрик-Казахстан» = ТОО Группа компаний «Темир-Кон» = ОА АК «Улутас»=ИП Джайлыханов  К.А.;47608;24.04.2006
Казахстан;Алматинская область;г. Алматы;43.21860608166639;76.95382849999996;ТОО «СП «Карбрик-Казахстан» = ТОО Группа компаний «Темир-Кон» = ОА АК «Улутас»=ИП Джайлыханов  К.А.;47609;24.04.2006
Казахстан;Алматинская область;г. Алматы;43.21860608166639;76.95382849999996;ТОО «СП «Карбрик-Казахстан» = ТОО Группа компаний «Темир-Кон» = ОА АК «Улутас»=ИП Джайлыханов  К.А.;471520;03.06.2015
Казахстан;Мангистауская область;г. Актау;43.73342378009298;51.18659299999996;ТОО «Каспий Ак» ;47638;26.02.2007
Казахстан;Мангистауская область;г. Актау;43.73342378009298;51.18659299999996;ТОО «Каспий Ак» ;47724;28.06.2007
Казахстан;Мангистауская область;г. Курык;43.196438592561286;51.74713749999998;ИП Кошенулы Турсынгали (купили у ОАО «Мангыстау су курулысы» г. Актау);47616;11.07.2006
Казахстан;Мангистауская область;г. Курык;43.196438592561286;51.74713749999998;ИП Кошенулы Турсынгали (купили у ОАО «Мангыстау су курулысы» г. Актау);47617;11.07.2006
Казахстан;Мангистауская область;г. Жанаозен;43.345694771565796;52.85235699999995;ИП Кумисбаев А.К.;481507 (экс-481505);10.08.2021
Казахстан;Мангистауская область;г. Жанаозен;43.345694771565796;52.85235699999995;ИП Кумисбаев А.К.;482101;09.12.2021
Казахстан;Мангистауская область;г. Жанаозен;43.345694771565796;52.85235699999995;ТОО «Кызылсай Ltd»;471518;13.07.2015
Казахстан;Мангистауская область;г. Жанаозен;43.345694771565796;52.85235699999995;ТОО «Кызылсай Ltd»;471519;13.07.2015
Казахстан;Мангистауская область;г. Актау;43.73342378009298;51.18659299999996;ТОО «Мангистауинжстрой»;47703;26.02.2007
Казахстан;Мангистауская область;г. Актау;43.73342378009298;51.18659299999996;ТОО «Мангистауинжстрой»;47704;26.02.2007
Казахстан;Мангистауская область;г. Актау;43.73342378009298;51.18659299999996;ТОО «Мангистауинжстрой»;47705;26.02.2007
Казахстан;Мангистауская область;г. Актау;43.73342378009298;51.18659299999996;ОАО «Мангыстау су курулысы»;47636;26.01.2007
Казахстан;Мангистауская область;г. Актау;43.73342378009298;51.18659299999996;ОАО «Мангыстау су курулысы»;47637;26.01.2007
Казахстан;Мангистауская область;г. Актау;43.73342378009298;51.18659299999996;ТОО «Мирал-Проект М»;471521;13.07.2015
Казахстан;Мангистауская область;г. Актау;43.73342378009298;51.18659299999996;ТОО «Мирал-Проект М»;471522;13.07.2015
Казахстан;Мангистауская область;г. Актау;43.73342378009298;51.18659299999996;ТОО «Мунал-М» (ТОО «AIBAT Q», ТОО «Алтын-Арка-XXI»);47509;02.08.2005
Казахстан;Мангистауская область;г. Актау;43.73342378009298;51.18659299999996;ТОО «Мунал-М» (ТОО «AIBAT Q», ТОО «Алтын-Арка-XXI»);47510;02.08.2005
Казахстан;Мангистауская область;г. Актау;43.73342378009298;51.18659299999996;ТОО «Мунал-М» (ТОО «AIBAT Q», ТОО «Алтын-Арка-XXI»);47732;03.09.2007
Казахстан;Мангистауская область;г. Актау;43.73342378009298;51.18659299999996;ТОО «Мунал-М» (ТОО «AIBAT Q», ТОО «Алтын-Арка-XXI»);47733;03.09.2007
Казахстан;Мангистауская область;г. Актау;43.73342378009298;51.18659299999996;ТОО «Мунал-М» (ТОО «AIBAT Q», ТОО «Алтын-Арка-XXI»);47805;10.05.2011
Казахстан;Мангистауская область;г. Актау;43.73342378009298;51.18659299999996;ИП Мурсалов Н.С. ;471508;27.04.2015
Казахстан;Мангистауская область;г. Актау;43.73342378009298;51.18659299999996;АО «МырзАбек-Алтын Тас групп» (ТОО «КазТрансТас», ТОО «DZL» (правоприемники фирмы ТОО «АсКад-У»);47618;25.07.2006
Казахстан;Мангистауская область;г. Актау;43.73342378009298;51.18659299999996;АО «МырзАбек-Алтын Тас групп» (ТОО «КазТрансТас», ТОО «DZL» (правоприемники фирмы ТОО «АсКад-У»);47619;25.07.2006
Казахстан;Мангистауская область;г. Актау;43.73342378009298;51.18659299999996;АО «МырзАбек-Алтын Тас групп» (ТОО «КазТрансТас», ТОО «DZL» (правоприемники фирмы ТОО «АсКад-У»);47620;25.07.2006
Казахстан;Мангистауская область;г. Актау;43.73342378009298;51.18659299999996;ИП Наушабаев Д.О.;471402;01.08.2014
Казахстан;Мангистауской области;п. Жетыбай;43.589289307543595;52.093990499999954;ТОО «Нур» = ИП Туретаева З.М. ;47602;02.08.2006
Казахстан;Мангистауской области;п. Жетыбай;43.589289307543595;52.093990499999954;ТОО «Нур» = ИП Туретаева З.М. ;47706;02.04.2007
Казахстан;Мангистауской области;п. Жетыбай;43.589289307543595;52.093990499999954;ТОО «Нур» = ИП Туретаева З.М. ;47707;02.04.2007
Казахстан;Мангистауской области;п. Жетыбай;43.589289307543595;52.093990499999954;ТОО «Нур» = ИП Туретаева З.М. ;47728;24.07.2007
Казахстан;Мангистауской области;п. Жетыбай;43.589289307543595;52.093990499999954;ТОО «Нур» = ИП Туретаева З.М. ;471403;01.08.2014
Казахстан;Мангистауской области;п. Жетыбай;43.589289307543595;52.093990499999954;ТОО «Нур» = ИП Туретаева З.М. ;471404;01.08.2014
Казахстан;Мангистауская область;г. Актау;43.73342378009298;51.18659299999996;ТОО «Нур-Шын»;472108;05.08.2021
Казахстан;Мангистауская область;г. Актау;43.73342378009298;51.18659299999996;ТОО «Нур-Шын»;472004;11.02.2021
Казахстан;Мангистауская область;г. Актау;43.73342378009298;51.18659299999996;ТОО «ОСК-Т»  (SRF-chem Service, LLP) ;47723;28.06.2007
Казахстан;Мангистауская область;г. Жанаозен;43.345694771565796;52.85235699999995;Отенбаев Есболсын;471409;10.02.2015
Казахстан;Мангистауская область;г. Актау;43.73342378009298;51.18659299999996;ТОО «Р.Б.М.» (ТОО «Заман-М»,  ТОО «MAN SERVICES»);47628;10.04.2007
Казахстан;Мангистауская область;г. Актау;43.73342378009298;51.18659299999996;ТОО «Р.Б.М.» (ТОО «Заман-М»,  ТОО «MAN SERVICES»);47629;10.04.2007
Казахстан;Мангистауская область;г. Актау;43.73342378009298;51.18659299999996;ТОО «Р.Б.М.» (ТОО «Заман-М»,  ТОО «MAN SERVICES»);47708;11.04.2007
Казахстан;Мангистауская область;г. Актау;43.73342378009298;51.18659299999996;ТОО «Р.Б.М.» (ТОО «Заман-М»,  ТОО «MAN SERVICES»);47709;11.04.2007
Казахстан;Мангистауская область;г. Актау;43.73342378009298;51.18659299999996;ТОО «Р.Б.М.» (ТОО «Заман-М»,  ТОО «MAN SERVICES»);47730;13.08.2007
Казахстан;Мангистауская область;г. Жанаозен;43.345694771565796;52.85235699999995;ТОО «Ремонт»;47630;14.02.2013
Казахстан;Мангистауская область;г. Жанаозен;43.345694771565796;52.85235699999995;ТОО «Ремонт»;47743;22.11.2007
Казахстан;Мангистауская область;г. Жанаозен;43.345694771565796;52.85235699999995;ТОО «Ремонт»;47744;22.11.2007
Казахстан;Мангистауская область;г. Жанаозен;43.345694771565796;52.85235699999995;ТОО «Ремонт»;471103;14.02.2013
Казахстан;Мангистауская область;г. Жанаозен;43.345694771565796;52.85235699999995;ТОО «Ремонт»;471104;14.02.2013
Казахстан;Мангистауская область;г. Жанаозен;43.345694771565796;52.85235699999995;ТОО «Ремонт»;471405;16.12.2014
Казахстан;Мангистауская область;г. Жанаозен;43.345694771565796;52.85235699999995;ТОО «Ремонт»;472201;27.04.2022
Казахстан;None;г. Шымкент;42.292471710777015;69.61894050000002;ТОО «С.ДЕМ»;471523;13.07.2015
Казахстан;None;г. Шымкент;42.292471710777015;69.61894050000002;ТОО «С.ДЕМ»;471524;13.07.2015
Казахстан;Мангистауской области;п. Жетыбай;43.589289307543595;52.093990499999954;ИП Сапарбаев Сакен;47727;24.07.2007
Казахстан;Мангистауская область;г. Актау;43.73342378009298;51.18659299999996;ТОО «Сарбаз-Актау»;47804;10.05.2011
Казахстан;Мангистауская область;г. Актау;43.73342378009298;51.18659299999996;ТОО «СаулетТас Актау»;47710;11.04.2007
Казахстан;Мангистауская область;г. Актау;43.73342378009298;51.18659299999996;ТОО «СаулетТас Актау»;47820;04.07.2011
Казахстан;Мангистауская область;г. Актау;43.73342378009298;51.18659299999996;ТОО «Снабжение Опорное»  (ИП Каджикова А.Т., ТОО «Жетыбай Актас») ;47610;03.08.2006
Казахстан;Мангистауская область;г. Актау;43.73342378009298;51.18659299999996;ТОО «Снабжение Опорное»  (ИП Каджикова А.Т., ТОО «Жетыбай Актас») ;47745;26.03.2008
Казахстан;Мангистауская область;г. Актау;43.73342378009298;51.18659299999996;ТОО «Снабжение Опорное»  (ИП Каджикова А.Т., ТОО «Жетыбай Актас») ;47746;26.03.2008
Казахстан;Мангистауская область;г. Актау;43.73342378009298;51.18659299999996;ТОО «Снабжение Опорное»  (ИП Каджикова А.Т., ТОО «Жетыбай Актас») ;471406;16.12.2014
Казахстан;Мангистауская область;г. Актау;43.73342378009298;51.18659299999996;ТОО «Снабжение Опорное»  (ИП Каджикова А.Т., ТОО «Жетыбай Актас») ;471527;10.02.2016
Казахстан;Мангистауская область;г. Актау;43.73342378009298;51.18659299999996;ТОО «Снабжение Опорное»  (ИП Каджикова А.Т., ТОО «Жетыбай Актас») ;471528;12.02.2016
Казахстан;Мангистауская область;г. Актау;43.73342378009298;51.18659299999996;ТОО «Снабжение Опорное»  (ИП Каджикова А.Т., ТОО «Жетыбай Актас») ;481504;10.02.2016
Казахстан;Мангистауская область;г. Жанаозен;43.345694771565796;52.85235699999995;ТОО «Темиртас-1»;47406;07.07.2005
Казахстан;Мангистауская область;г. Жанаозен;43.345694771565796;52.85235699999995;ТОО «Темиртас-1»;47504;07.07.2005
Казахстан;Атырауская область;г. Атырау;47.12861991349445;51.932679999999934;ОАО «Тенгизнефтестрой»;47303;18.12.2003
Казахстан;Атырауская область;г. Атырау;47.12861991349445;51.932679999999934;ОАО «Тенгизнефтестрой»;47304;18.12.2003
Казахстан;Атырауская область;г. Атырау;47.12861991349445;51.932679999999934;ОАО «Тенгизнефтестрой»;47307;25.12.2003
Казахстан;Атырауская область;г. Атырау;47.12861991349445;51.932679999999934;ОАО «Тенгизнефтестрой»;47308;25.12.2003
Казахстан;Мангистауская область;г. Актау;43.73342378009298;51.18659299999996;ТОО «Туран-Т»;471311;29.07.2013
Казахстан;Мангистауская область;г. Актау;43.73342378009298;51.18659299999996;ТОО «Туран-Т»;471526;09.02.2016
Казахстан;Мангистауская область;г. Актау;43.73342378009298;51.18659299999996;Частное лицо Турсынбеков А.И.  (ИП Береке (Ыбырай Береке Аргынбайулы);47726;25.07.2007
Казахстан;Мангистауская область;г. Актау;43.73342378009298;51.18659299999996;Частное лицо Турсынбеков А.И.  (ИП Береке (Ыбырай Береке Аргынбайулы);47725;25.07.2007
Казахстан;Мангистауская область;г. Актау;43.73342378009298;51.18659299999996;Частное лицо Турсынбеков А.И.  (ИП Береке (Ыбырай Береке Аргынбайулы);471516;03.06.2015
Казахстан;Мангистауская область;г. Актау;43.73342378009298;51.18659299999996;Частное лицо Турсынбеков А.И.  (ИП Береке (Ыбырай Береке Аргынбайулы);471517;03.06.2015
Казахстан;Мангистауская область;г. Актау;43.73342378009298;51.18659299999996;Частное лицо Турсынбеков А.И.  (ИП Береке (Ыбырай Береке Аргынбайулы);472109;15.11.2021
Казахстан;Мангистауская область;г. Актау;43.73342378009298;51.18659299999996;ИП Тыйлов Т.Т.;471309;30.07.2013
Казахстан;Мангистауская область;г. Актау;43.73342378009298;51.18659299999996;ИП Тыйлов Т.Т.;471310;30.07.2013
Казахстан;Мангистауская область;г. Актау;43.73342378009298;51.18659299999996;ИП Тыйлов Т.Т.;471407;11.02.2015
Казахстан;Мангистауская область;г. Актау;43.73342378009298;51.18659299999996;ИП Тыйлов Т.Т.;471408;11.02.2015
Казахстан;Мангистауская область;г. Актау;43.73342378009298;51.18659299999996;ТОО «Фиал-Актау» (ТОО «Shell Stone»);471304;28.05.2013
Казахстан;Мангистауская область;г. Актау;43.73342378009298;51.18659299999996;ТОО «Фиал-Актау» (ТОО «Shell Stone»);471305;28.05.2013
Казахстан;Мангистауская область;г. Актау;43.73342378009298;51.18659299999996;ТОО «Фиал-Актау» (ТОО «Shell Stone»);471312;06.03.2014
Казахстан;Мангистауская область;г. Актау;43.73342378009298;51.18659299999996;ТОО «Фиал-Актау» (ТОО «Shell Stone»);471313;06.03.2014
Казахстан;Мангистауская область;г. Актау;43.73342378009298;51.18659299999996;ТОО «Фиал-Актау» (ТОО «Shell Stone»);471401;20.06.2014
Казахстан;Мангистауская область;г. Актау;43.73342378009298;51.18659299999996;ТОО «Фиал-Актау» (ТОО «Shell Stone»);471506;16.04.2015
Казахстан;Мангистауская область;г. Актау;43.73342378009298;51.18659299999996;ТОО «Фиал-Актау» (ТОО «Shell Stone»);471507;16.04.2015
Казахстан;Мангистауская область;г. Актау;43.73342378009298;51.18659299999996;ТОО «Фиал-Актау» (ТОО «Shell Stone»);471511;07.05.2015
Казахстан;Мангистауская область;г. Актау;43.73342378009298;51.18659299999996;ТОО «Фиал-Актау» (ТОО «Shell Stone»);481401;20.06.2014
Казахстан;Мангистауская область;г. Актау;43.73342378009298;51.18659299999996;ТОО «Фиал-Актау» (ТОО «Shell Stone»);481501;07.05.2015
Казахстан;Мангистауская область;г. Актау;43.73342378009298;51.18659299999996;ТОО «Фиал-Актау» (ТОО «Shell Stone»);481502;15.06.2015
Казахстан;Мангистауская область;г. Актау;43.73342378009298;51.18659299999996;ТОО «Фиал-Актау» (ТОО «Shell Stone»);481503;15.06.2015
Казахстан;Мангистауская область;г. Актау;43.73342378009298;51.18659299999996;ИП Сисембаев О.Ж. ;471307;24.07.2013
Казахстан;Мангистауская область;г. Актау;43.73342378009298;51.18659299999996;ТОО «ХазарМунай»;47635;14.03.2007
Казахстан;Мангистауская область;г. Актау;43.73342378009298;51.18659299999996;ТОО «ХазарМунай»;47740;14.02.2008
Казахстан;Мангистауская область;г. Актау;43.73342378009298;51.18659299999996;ТОО «ХазарМунай»;47741;14.02.2008
Казахстан;Мангистауская область;г. Актау;43.73342378009298;51.18659299999996;ИП Шаханова Р.Е.;47811;03.08.2011
Казахстан;Мангистауская область;г. Актау;43.73342378009298;51.18659299999996;ИП Шаханова Р.Е.;471308;24.07.2013
Казахстан;Мангистауская область;г. Актау;43.73342378009298;51.18659299999996;ИП Шаханова Р.Е.;471314;24.10.2013
Казахстан;Мангистауская область;г. Актау;43.73342378009298;51.18659299999996;ИП Шаханова Р.Е.;471504;06.04.2015
Казахстан;Мангистауская область;г. Актау;43.73342378009298;51.18659299999996;ИП Шаханова Р.Е.;471505;06.04.2015
Казахстан;None;г. Шымкент;42.292471710777015;69.61894050000002;ТОО «Ынтымак-Курылыс»;47505;27.05.2005
Кения;порт Момбаса;г. Килифи;-3.6196165156404283;39.85150250000002;Hassan Konse Siba;492301;24.11.2023
Кения;порт Момбаса;г. Килифи;-3.6196165156404283;39.85150250000002;John Mungai K. Gitachu;472003;15.12.2020
Кения;порт Момбаса;г. Найроби;-1.3037834846897718;36.88415200000003;Peter Kibe;471704 (471601);08.08.2017
Кения;порт Момбаса;г. Найроби;-1.3037834846897718;36.88415200000003;Peter Kibe;471703 (471602);08.08.2017
Кения;порт Момбаса;г. Найроби;-1.3037834846897718;36.88415200000003;Peter Kibe;481901;29.10.2019
Кения;порт Момбаса;г. Найроби;-1.3037834846897718;36.88415200000003;Peter Kibe;481902;29.10.2019
Кыргызстан;Ошская область;г. Ош;40.51213572316231;72.78464349999996;ОсОО «Стен»;471105;19.06.2013
Россия;республика Дагестан;г. Каспийск;42.88532092154339;47.62675849999998;Гамзатова Г.Ю. (ООО «Клинкер»);482201;26.12.2022
Россия;республика Дагестан;с. Акуша;42.27710698865731;47.34553599999991;Магомедов Н.Х ;47814;16.09.2009
Россия;республика Карачаево-Черкесия;г. Черкесск;44.22698860246167;42.066828999999956;ООО «СОЮЗ-РЕСУРС»;47405;20.09.2004
Россия;республика Крым;пгт. Черноморское;45.50264378083761;32.69116649999997;ООО «Плато»;47407;24.05.2005
Россия;республика Крым;пгт. Черноморское;45.50264378083761;32.69116649999997;ООО «Плато»;47409;24.05.2005
Россия;Ростовская область;г. Пролетарск;46.7145081699953;41.72458449999997;ООО «АРКС» (ОАО «Пролетарскводстрой») ;47615;27.06.2006
Россия;Ростовская область;г. Пролетарск;46.7145081699953;41.72458449999997;ООО «АРКС» (ОАО «Пролетарскводстрой») ;47639;01.03.2007
Россия;Ростовская область;г. Пролетарск;46.7145081699953;41.72458449999997;ООО «АРКС» (ОАО «Пролетарскводстрой») ;47640;01.03.2007
Россия;Ставропольский край;г. Ставрополь;45.03100863206145;41.94367899999998;ООО «АРИДА-МИКС»;471306;16.04.2013
Россия;Ставропольский край;г. Благодарный;45.103337945527116;43.42863899999993;ООО «Монолит» ;47752;01.03.2011
Россия;Ставропольский край;г. Благодарный;45.103337945527116;43.42863899999993;ООО «Монолит» ;47753;01.03.2011
Россия;Ставропольский край;г. Благодарный;45.103337945527116;43.42863899999993;ООО «Монолит» ;47810;01.03.2011
Россия;Ставропольский край;г. Ставрополь;45.03100863206145;41.94367899999998;ООО НефтеГаз «Евразия»;47742;22.03.2011
Судан;None;г. Хартум;15.501164578786199;32.57884999999999;Alcardinal For Briks & Marcelia Company ;47711;07.05.2007
Судан;None;г. Хартум;15.501164578786199;32.57884999999999;Alcardinal For Briks & Marcelia Company ;47712;07.05.2007
Судан;None;г. Хартум;15.501164578786199;32.57884999999999;Alcardinal For Briks & Marcelia Company ;47713;07.05.2007
Судан;None;г. Хартум;15.501164578786199;32.57884999999999;Alcardinal For Briks & Marcelia Company ;47714;07.05.2007
Судан;None;г. Хартум;15.501164578786199;32.57884999999999;Alcardinal For Briks & Marcelia Company ;47715;07.05.2007
Судан;None;г. Хартум;15.501164578786199;32.57884999999999;Alcardinal For Briks & Marcelia Company ;47806;24.03.2008
Судан;None;г. Хартум;15.501164578786199;32.57884999999999;Alcardinal For Briks & Marcelia Company ;47807;24.03.2008
Судан;Порт-Судан;г. Хартум;15.501164578786199;32.57884999999999;Am Abd Alsattar;471302;17.06.2013
Судан;Порт-Судан;г. Хартум;15.501164578786199;32.57884999999999;Am Abd Alsattar;471303;17.06.2013
Судан;Порт-Судан;г. Хартум;15.501164578786199;32.57884999999999;RATBASE FZE (Pamtnik Group);471301;17.06.2013
Судан;Порт-Судан;г. Хартум;15.501164578786199;32.57884999999999;Sandstone Quarruis;471101;27.06.2012
Судан;Порт-Судан;г. Хартум;15.501164578786199;32.57884999999999;Sandstone Quarruis;471102;27.06.2012
Судан;Порт-Судан;г. Хартум;15.501164578786199;32.57884999999999;Sandstone Quarruis;47809;27.06.2012
Таджикистан;None;г. Душанбе;38.58575886741487;68.78782399999989;ООО «Облицовочные камни им. С. Сабурова» (ЗАО СП «Аура Согда») ;47803;26.05.2008
Танзания;регион Дар-эс-Салам;г. Дар-эс-Салам;-6.777594630128054;39.25252449999999;Central Technologies Ltd;471605;28.04.2017
Танзания;регион Дар-эс-Салам;г. Дар-эс-Салам;-6.777594630128054;39.25252449999999;Central Technologies Ltd;471604;28.04.2017
Туркменистан;Балканский велаят;г. Балканабад;39.536055914001956;54.34078000000001;Хозяйственное Общество «Ак Махмал» (= ЧП «Нурлы Арзув») ;472111;26.09.2022
Туркменистан;Балканский велаят;г. Балканабад;39.536055914001956;54.34078000000001;Хозяйственное Общество «Ак Махмал» (= ЧП «Нурлы Арзув») ;472202;26.09.2022
Туркменистан;None;г. Ашхабад;37.9478748153991;58.21984049999996;ОАО «Экспорт-импорт туркменской промышленности» (Мурадов Мекан) ;492302;03.10.2023
Туркменистан;None;г. Ашхабад;37.9478748153991;58.21984049999996;ОАО «Экспорт-импорт туркменской промышленности» (Мурадов Мекан) ;492303;03.10.2023
